{
  "GetBookingIds" : {
    "transaction" : "GetBookingIds",
    "sampleCount" : 300,
    "errorCount" : 0,
    "errorPct" : 0.0,
    "meanResTime" : 1317.5933333333332,
    "medianResTime" : 1206.5,
    "minResTime" : 932.0,
    "maxResTime" : 3862.0,
    "pct1ResTime" : 1687.8000000000004,
    "pct2ResTime" : 2022.4499999999998,
    "pct3ResTime" : 2511.9700000000003,
    "throughput" : 9.411469444095871,
    "receivedKBytesPerSec" : 568.5688353404599,
    "sentKBytesPerSec" : 1.2591516736729829
  },
  "GetBooking " : {
    "transaction" : "GetBooking ",
    "sampleCount" : 300,
    "errorCount" : 0,
    "errorPct" : 0.0,
    "meanResTime" : 417.8233333333333,
    "medianResTime" : 389.5,
    "minResTime" : 305.0,
    "maxResTime" : 1172.0,
    "pct1ResTime" : 522.2000000000003,
    "pct2ResTime" : 564.0,
    "pct3ResTime" : 954.4600000000014,
    "throughput" : 9.586502204895506,
    "receivedKBytesPerSec" : 8.553581557167508,
    "sentKBytesPerSec" : 1.5727855179906691
  },
  "Total" : {
    "transaction" : "Total",
    "sampleCount" : 2100,
    "errorCount" : 0,
    "errorPct" : 0.0,
    "meanResTime" : 742.5023809523805,
    "medianResTime" : 460.0,
    "minResTime" : 305.0,
    "maxResTime" : 3862.0,
    "pct1ResTime" : 1651.0,
    "pct2ResTime" : 1813.0,
    "pct3ResTime" : 2223.9299999999985,
    "throughput" : 59.06342286598228,
    "receivedKBytesPerSec" : 552.6228345608915,
    "sentKBytesPerSec" : 17.262537793559275
  },
  "Auth" : {
    "transaction" : "Auth",
    "sampleCount" : 300,
    "errorCount" : 0,
    "errorPct" : 0.0,
    "meanResTime" : 1721.2700000000002,
    "medianResTime" : 1674.5,
    "minResTime" : 1255.0,
    "maxResTime" : 3025.0,
    "pct1ResTime" : 2014.0,
    "pct2ResTime" : 2193.5499999999997,
    "pct3ResTime" : 2618.84,
    "throughput" : 9.395552771688067,
    "receivedKBytesPerSec" : 7.0782277638584405,
    "sentKBytesPerSec" : 2.293836125900407
  },
  "Partial_UpdateBooking" : {
    "transaction" : "Partial_UpdateBooking",
    "sampleCount" : 300,
    "errorCount" : 0,
    "errorPct" : 0.0,
    "meanResTime" : 447.306666666667,
    "medianResTime" : 436.0,
    "minResTime" : 310.0,
    "maxResTime" : 1456.0,
    "pct1ResTime" : 533.0,
    "pct2ResTime" : 579.0,
    "pct3ResTime" : 874.4000000000005,
    "throughput" : 9.611687812379854,
    "receivedKBytesPerSec" : 8.577680459438678,
    "sentKBytesPerSec" : 3.247699202229912
  },
  "DeleteBooking" : {
    "transaction" : "DeleteBooking",
    "sampleCount" : 300,
    "errorCount" : 0,
    "errorPct" : 0.0,
    "meanResTime" : 441.2999999999999,
    "medianResTime" : 436.0,
    "minResTime" : 307.0,
    "maxResTime" : 985.0,
    "pct1ResTime" : 532.0,
    "pct2ResTime" : 579.95,
    "pct3ResTime" : 731.5800000000004,
    "throughput" : 9.626801014023041,
    "receivedKBytesPerSec" : 7.029194276866797,
    "sentKBytesPerSec" : 2.134066240413311
  },
  "CreateBooking" : {
    "transaction" : "CreateBooking",
    "sampleCount" : 300,
    "errorCount" : 0,
    "errorPct" : 0.0,
    "meanResTime" : 405.7933333333332,
    "medianResTime" : 381.0,
    "minResTime" : 307.0,
    "maxResTime" : 1345.0,
    "pct1ResTime" : 507.90000000000003,
    "pct2ResTime" : 558.8,
    "pct3ResTime" : 867.9000000000001,
    "throughput" : 9.557488292076844,
    "receivedKBytesPerSec" : 8.794382586256331,
    "sentKBytesPerSec" : 4.3400703670075504
  },
  "Full_UpdateBooking " : {
    "transaction" : "Full_UpdateBooking ",
    "sampleCount" : 300,
    "errorCount" : 0,
    "errorPct" : 0.0,
    "meanResTime" : 446.4300000000001,
    "medianResTime" : 429.5,
    "minResTime" : 308.0,
    "maxResTime" : 1421.0,
    "pct1ResTime" : 536.8000000000001,
    "pct2ResTime" : 596.4499999999998,
    "pct3ResTime" : 1086.1300000000017,
    "throughput" : 9.628654876913695,
    "receivedKBytesPerSec" : 8.61112671309818,
    "sentKBytesPerSec" : 4.720297605674487
  }
}