{
  "GetBookingIds" : {
    "transaction" : "GetBookingIds",
    "sampleCount" : 100,
    "errorCount" : 0,
    "errorPct" : 0.0,
    "meanResTime" : 363.43999999999994,
    "medianResTime" : 345.0,
    "minResTime" : 318.0,
    "maxResTime" : 618.0,
    "pct1ResTime" : 433.0,
    "pct2ResTime" : 475.9,
    "pct3ResTime" : 617.8399999999999,
    "throughput" : 10.224948875255624,
    "receivedKBytesPerSec" : 133.1864495462679,
    "sentKBytesPerSec" : 1.3679863241308794
  },
  "GetBooking " : {
    "transaction" : "GetBooking ",
    "sampleCount" : 100,
    "errorCount" : 0,
    "errorPct" : 0.0,
    "meanResTime" : 335.8999999999999,
    "medianResTime" : 328.0,
    "minResTime" : 306.0,
    "maxResTime" : 582.0,
    "pct1ResTime" : 365.9,
    "pct2ResTime" : 384.0,
    "pct3ResTime" : 580.4999999999992,
    "throughput" : 10.358400662937642,
    "receivedKBytesPerSec" : 9.252155842137974,
    "sentKBytesPerSec" : 1.695884639786617
  },
  "Total" : {
    "transaction" : "Total",
    "sampleCount" : 700,
    "errorCount" : 0,
    "errorPct" : 0.0,
    "meanResTime" : 483.7585714285715,
    "medianResTime" : 333.0,
    "minResTime" : 306.0,
    "maxResTime" : 2052.0,
    "pct1ResTime" : 1295.8,
    "pct2ResTime" : 1346.85,
    "pct3ResTime" : 1504.99,
    "throughput" : 53.45959981670995,
    "receivedKBytesPerSec" : 138.35401114059874,
    "sentKBytesPerSec" : 15.614260348251108
  },
  "Auth" : {
    "transaction" : "Auth",
    "sampleCount" : 100,
    "errorCount" : 0,
    "errorPct" : 0.0,
    "meanResTime" : 1352.1299999999997,
    "medianResTime" : 1320.5,
    "minResTime" : 1233.0,
    "maxResTime" : 2052.0,
    "pct1ResTime" : 1443.4,
    "pct2ResTime" : 1642.0999999999995,
    "pct3ResTime" : 2050.4299999999994,
    "throughput" : 8.973438621679827,
    "receivedKBytesPerSec" : 6.768987235283561,
    "sentKBytesPerSec" : 2.190780913496052
  },
  "Partial_UpdateBooking" : {
    "transaction" : "Partial_UpdateBooking",
    "sampleCount" : 100,
    "errorCount" : 0,
    "errorPct" : 0.0,
    "meanResTime" : 334.44999999999993,
    "medianResTime" : 327.0,
    "minResTime" : 306.0,
    "maxResTime" : 508.0,
    "pct1ResTime" : 362.6,
    "pct2ResTime" : 386.84999999999997,
    "pct3ResTime" : 507.6299999999998,
    "throughput" : 10.36591686534674,
    "receivedKBytesPerSec" : 9.269802140561833,
    "sentKBytesPerSec" : 3.4990030903389653
  },
  "DeleteBooking" : {
    "transaction" : "DeleteBooking",
    "sampleCount" : 100,
    "errorCount" : 0,
    "errorPct" : 0.0,
    "meanResTime" : 330.92999999999995,
    "medianResTime" : 326.0,
    "minResTime" : 307.0,
    "maxResTime" : 397.0,
    "pct1ResTime" : 364.40000000000003,
    "pct2ResTime" : 384.79999999999995,
    "pct3ResTime" : 396.96,
    "throughput" : 10.360547036883547,
    "receivedKBytesPerSec" : 7.585863033568173,
    "sentKBytesPerSec" : 2.293181626864899
  },
  "CreateBooking" : {
    "transaction" : "CreateBooking",
    "sampleCount" : 100,
    "errorCount" : 0,
    "errorPct" : 0.0,
    "meanResTime" : 337.4400000000001,
    "medianResTime" : 330.0,
    "minResTime" : 306.0,
    "maxResTime" : 459.0,
    "pct1ResTime" : 376.0,
    "pct2ResTime" : 387.9,
    "pct3ResTime" : 458.5799999999998,
    "throughput" : 10.274324463166547,
    "receivedKBytesPerSec" : 9.462913702095962,
    "sentKBytesPerSec" : 4.665586792355902
  },
  "Full_UpdateBooking " : {
    "transaction" : "Full_UpdateBooking ",
    "sampleCount" : 100,
    "errorCount" : 0,
    "errorPct" : 0.0,
    "meanResTime" : 332.02,
    "medianResTime" : 324.5,
    "minResTime" : 307.0,
    "maxResTime" : 457.0,
    "pct1ResTime" : 363.0,
    "pct2ResTime" : 378.69999999999993,
    "pct3ResTime" : 456.8299999999999,
    "throughput" : 10.366991499066971,
    "receivedKBytesPerSec" : 9.282911958324693,
    "sentKBytesPerSec" : 5.078712192877877
  }
}