{
  "GetBookingIds" : {
    "transaction" : "GetBookingIds",
    "sampleCount" : 500,
    "errorCount" : 0,
    "errorPct" : 0.0,
    "meanResTime" : 722.9020000000006,
    "medianResTime" : 687.0,
    "minResTime" : 564.0,
    "maxResTime" : 1583.0,
    "pct1ResTime" : 882.7,
    "pct2ResTime" : 957.95,
    "pct3ResTime" : 1204.9,
    "throughput" : 10.013417980093324,
    "receivedKBytesPerSec" : 300.3510837334528,
    "sentKBytesPerSec" : 1.3396858039773296
  },
  "GetBooking " : {
    "transaction" : "GetBooking ",
    "sampleCount" : 500,
    "errorCount" : 0,
    "errorPct" : 0.0,
    "meanResTime" : 341.26399999999995,
    "medianResTime" : 327.0,
    "minResTime" : 277.0,
    "maxResTime" : 777.0,
    "pct1ResTime" : 399.90000000000003,
    "pct2ResTime" : 446.9,
    "pct3ResTime" : 553.0,
    "throughput" : 10.11204141892165,
    "receivedKBytesPerSec" : 9.040007027868787,
    "sentKBytesPerSec" : 1.6590067952918335
  },
  "Total" : {
    "transaction" : "Total",
    "sampleCount" : 3500,
    "errorCount" : 0,
    "errorPct" : 0.0,
    "meanResTime" : 545.4271428571434,
    "medianResTime" : 350.0,
    "minResTime" : 277.0,
    "maxResTime" : 3000.0,
    "pct1ResTime" : 1297.9,
    "pct2ResTime" : 1400.0,
    "pct3ResTime" : 1607.909999999998,
    "throughput" : 65.95684537830962,
    "receivedKBytesPerSec" : 330.63064240200697,
    "sentKBytesPerSec" : 19.27728670027325
  },
  "Auth" : {
    "transaction" : "Auth",
    "sampleCount" : 500,
    "errorCount" : 0,
    "errorPct" : 0.0,
    "meanResTime" : 1380.929999999999,
    "medianResTime" : 1349.5,
    "minResTime" : 1120.0,
    "maxResTime" : 3000.0,
    "pct1ResTime" : 1555.9,
    "pct2ResTime" : 1640.6499999999999,
    "pct3ResTime" : 2069.9700000000003,
    "throughput" : 9.800462581833862,
    "receivedKBytesPerSec" : 7.403560385550198,
    "sentKBytesPerSec" : 2.392691060018033
  },
  "Partial_UpdateBooking" : {
    "transaction" : "Partial_UpdateBooking",
    "sampleCount" : 500,
    "errorCount" : 0,
    "errorPct" : 0.0,
    "meanResTime" : 339.67600000000016,
    "medianResTime" : 331.0,
    "minResTime" : 278.0,
    "maxResTime" : 723.0,
    "pct1ResTime" : 389.0,
    "pct2ResTime" : 422.79999999999995,
    "pct3ResTime" : 507.9000000000001,
    "throughput" : 10.123916740908724,
    "receivedKBytesPerSec" : 9.060114552117923,
    "sentKBytesPerSec" : 3.4207765550336116
  },
  "DeleteBooking" : {
    "transaction" : "DeleteBooking",
    "sampleCount" : 500,
    "errorCount" : 0,
    "errorPct" : 0.0,
    "meanResTime" : 349.9980000000001,
    "medianResTime" : 337.0,
    "minResTime" : 277.0,
    "maxResTime" : 815.0,
    "pct1ResTime" : 404.90000000000003,
    "pct2ResTime" : 443.9,
    "pct3ResTime" : 547.99,
    "throughput" : 10.135409065109869,
    "receivedKBytesPerSec" : 7.424820603259548,
    "sentKBytesPerSec" : 2.2468143142382226
  },
  "CreateBooking" : {
    "transaction" : "CreateBooking",
    "sampleCount" : 500,
    "errorCount" : 0,
    "errorPct" : 0.0,
    "meanResTime" : 332.3339999999998,
    "medianResTime" : 323.0,
    "minResTime" : 278.0,
    "maxResTime" : 697.0,
    "pct1ResTime" : 373.90000000000003,
    "pct2ResTime" : 416.79999999999995,
    "pct3ResTime" : 564.6000000000004,
    "throughput" : 10.095299628492974,
    "receivedKBytesPerSec" : 9.310468951905992,
    "sentKBytesPerSec" : 4.584291335204329
  },
  "Full_UpdateBooking " : {
    "transaction" : "Full_UpdateBooking ",
    "sampleCount" : 500,
    "errorCount" : 0,
    "errorPct" : 0.0,
    "meanResTime" : 350.88599999999997,
    "medianResTime" : 330.0,
    "minResTime" : 280.0,
    "maxResTime" : 1992.0,
    "pct1ResTime" : 408.0,
    "pct2ResTime" : 462.79999999999995,
    "pct3ResTime" : 565.9000000000001,
    "throughput" : 10.117975595442863,
    "receivedKBytesPerSec" : 9.06380901309266,
    "sentKBytesPerSec" : 4.960179442297185
  }
}